{"cameraMode":{"drawMode":0,"name":"Shaded","section":"Shading Mode"},"sceneLighting":false,"audioPlay":false,"sceneViewState":{"showFog":true,"showMaterialUpdate":true,"showSkybox":true,"showFlares":true,"showImageEffects":true,"showParticleSystems":true},"in2DMode":false,"pivot":{"x":13.004709243774414,"y":-9.38711166381836,"z":-8.034921646118164},"rotation":{"x":0.30827146768569949,"y":0.6518135070800781,"z":-0.3297141492366791,"w":0.6094236969947815},"size":143.52755737304688,"orthographic":false}